consumidor,tipo_inmueble,moneda_region,uso_horario_pico,cantidad_equipos,horas_alto_consumo,consumo_kwh,perfil_energetico
Usuario_1,Oficina,MXN,False,27,7,414.21,Eficiente
Usuario_2,Oficina,CLP,True,36,5,437.01,Eficiente
Usuario_3,Casa,PEN,False,11,13,320.19,Eficiente
Usuario_4,Apartamento,ARS,False,18,5,157.7,Eficiente
Usuario_5,Apartamento,PEN,True,1,10,192.1,Moderado
Usuario_6,Comercio,CLP,True,35,11,566.66,Eficiente
Usuario_7,Comercio,COP,True,35,6,738.73,Eficiente
Usuario_8,Oficina,BRL,False,31,5,754.22,Eficiente
Usuario_9,Casa,MXN,False,28,13,246.57,Eficiente
Usuario_10,Oficina,CLP,False,39,12,660.13,Eficiente
Usuario_11,Comercio,COP,True,1,11,901.1,Ineficiente
Usuario_12,Casa,PEN,False,25,9,243.51,Eficiente
Usuario_13,Casa,PEN,False,38,3,532.9,Eficiente
Usuario_14,Comercio,CLP,False,20,3,817.93,Moderado
Usuario_15,Apartamento,ARS,False,3,7,212.02,Eficiente
Usuario_16,Apartamento,PEN,True,2,7,298.44,Ineficiente
Usuario_17,Casa,ARS,True,18,6,300.08,Eficiente
Usuario_18,Oficina,ARS,False,10,3,646.75,Eficiente
Usuario_19,Apartamento,BRL,False,5,13,140.74,Eficiente
Usuario_20,Oficina,ARS,True,9,7,719.7,Moderado
Usuario_21,Apartamento,USD,True,2,5,230.6,Moderado
Usuario_22,Apartamento,BRL,True,34,7,272.07,Eficiente
Usuario_23,Oficina,COP,True,38,2,410.62,Eficiente
Usuario_24,Comercio,COP,True,31,6,893.95,Eficiente
Usuario_25,Apartamento,PEN,False,10,8,301.89,Moderado
Usuario_26,Apartamento,PEN,False,12,1,236.11,Eficiente
Usuario_27,Oficina,ARS,True,36,4,608.86,Eficiente
Usuario_28,Comercio,BRL,True,21,11,739.43,Eficiente
Usuario_29,Apartamento,BRL,True,6,1,328.7,Moderado
Usuario_30,Apartamento,USD,True,3,1,241.53,Moderado
Usuario_31,Comercio,ARS,False,10,10,1009.27,Moderado
Usuario_32,Apartamento,USD,False,5,12,308.3,Moderado
Usuario_33,Comercio,ARS,True,26,11,707.35,Eficiente
Usuario_34,Comercio,MXN,False,21,8,581.06,Eficiente
Usuario_35,Oficina,MXN,False,26,7,503.04,Eficiente
Usuario_36,Casa,CLP,False,38,12,499.18,Eficiente
Usuario_37,Comercio,ARS,True,26,10,579.34,Eficiente
Usuario_38,Oficina,BRL,False,8,13,562.22,Eficiente
Usuario_39,Casa,PEN,True,5,1,492.13,Ineficiente
Usuario_40,Apartamento,COP,True,15,11,209.77,Eficiente
Usuario_41,Casa,CLP,True,16,13,434.77,Moderado
Usuario_42,Comercio,PEN,True,1,2,591.94,Eficiente
Usuario_43,Comercio,MXN,True,16,4,496.5,Eficiente
Usuario_44,Comercio,ARS,True,37,1,976.07,Eficiente
Usuario_45,Comercio,CLP,True,3,3,489.28,Eficiente
Usuario_46,Comercio,ARS,False,31,8,609.97,Eficiente
Usuario_47,Oficina,MXN,False,13,8,727.55,Eficiente
Usuario_48,Comercio,CLP,True,16,8,662.53,Eficiente
Usuario_49,Oficina,MXN,False,21,6,786.52,Eficiente
Usuario_50,Apartamento,USD,False,2,6,347.54,Ineficiente
Usuario_51,Comercio,MXN,False,27,5,607.79,Eficiente
Usuario_52,Comercio,BRL,True,38,13,448.68,Eficiente
Usuario_53,Casa,BRL,False,26,9,456.77,Eficiente
Usuario_54,Apartamento,ARS,False,38,4,231.22,Eficiente
Usuario_55,Comercio,COP,False,25,10,490.53,Eficiente
Usuario_56,Comercio,MXN,True,11,12,915.27,Moderado
Usuario_57,Apartamento,PEN,True,8,12,138.86,Eficiente
Usuario_58,Oficina,BRL,False,8,12,735.1,Moderado
Usuario_59,Comercio,COP,True,33,7,517.06,Eficiente
Usuario_60,Casa,USD,True,7,1,254.56,Eficiente
Usuario_61,Comercio,CLP,True,38,9,542.97,Eficiente
Usuario_62,Casa,CLP,False,21,7,546.09,Moderado
Usuario_63,Casa,BRL,False,8,10,452.61,Eficiente
Usuario_64,Comercio,COP,True,21,12,980.96,Ineficiente
Usuario_65,Comercio,BRL,False,20,9,698.34,Eficiente
Usuario_66,Casa,CLP,True,8,7,327.71,Eficiente
Usuario_67,Apartamento,MXN,False,31,2,183.59,Eficiente
Usuario_68,Apartamento,COP,False,29,6,237.74,Eficiente
Usuario_69,Comercio,ARS,False,9,10,806.28,Eficiente
Usuario_70,Oficina,MXN,False,15,12,615.89,Eficiente
Usuario_71,Apartamento,MXN,True,30,11,188.57,Eficiente
Usuario_72,Comercio,MXN,False,26,4,1084.06,Eficiente
Usuario_73,Apartamento,ARS,True,10,3,169.35,Eficiente
Usuario_74,Oficina,USD,False,29,2,782.83,Moderado
Usuario_75,Comercio,PEN,False,16,6,430.4,Eficiente
Usuario_76,Oficina,BRL,False,36,8,540.56,Eficiente
Usuario_77,Comercio,CLP,True,20,6,653.36,Eficiente
Usuario_78,Oficina,BRL,False,37,9,524.56,Eficiente
Usuario_79,Apartamento,COP,True,22,5,257.55,Eficiente
Usuario_80,Apartamento,USD,True,7,2,227.83,Eficiente
Usuario_81,Oficina,COP,False,23,8,507.42,Eficiente
Usuario_82,Oficina,BRL,True,29,9,666.36,Eficiente
Usuario_83,Oficina,CLP,False,16,10,642.94,Moderado
Usuario_84,Comercio,ARS,True,38,4,1003.29,Eficiente
Usuario_85,Apartamento,BRL,True,28,6,186.99,Eficiente
Usuario_86,Comercio,MXN,False,38,11,846.67,Eficiente
Usuario_87,Apartamento,BRL,True,31,10,260.74,Eficiente
Usuario_88,Casa,MXN,True,14,8,339.41,Eficiente
Usuario_89,Comercio,ARS,False,33,9,760.24,Eficiente
Usuario_90,Apartamento,BRL,True,9,12,201.03,Eficiente
Usuario_91,Apartamento,USD,False,27,5,163.21,Eficiente
Usuario_92,Comercio,USD,True,24,12,569.66,Eficiente
Usuario_93,Comercio,COP,False,13,6,493.86,Eficiente
Usuario_94,Apartamento,ARS,False,26,11,282.28,Eficiente
Usuario_95,Comercio,USD,False,29,4,882.51,Eficiente
Usuario_96,Oficina,BRL,True,28,5,775.3,Eficiente
Usuario_97,Comercio,ARS,False,28,7,930.77,Eficiente
Usuario_98,Comercio,CLP,False,8,9,456.43,Eficiente
Usuario_99,Comercio,MXN,False,23,10,1038.97,Moderado
Usuario_100,Apartamento,BRL,True,29,11,321.79,Eficiente
Usuario_101,Oficina,MXN,False,5,13,521.66,Eficiente
Usuario_102,Casa,MXN,False,7,6,415.05,Eficiente
Usuario_103,Casa,ARS,True,36,6,551.63,Eficiente
Usuario_104,Oficina,ARS,True,27,8,566.15,Eficiente
Usuario_105,Oficina,COP,False,2,11,752.66,Ineficiente
Usuario_106,Oficina,MXN,True,25,4,341.52,Eficiente
Usuario_107,Apartamento,COP,False,9,3,174.03,Eficiente
Usuario_108,Casa,MXN,False,27,7,364.26,Eficiente
Usuario_109,Oficina,COP,False,1,5,592.38,Moderado
Usuario_110,Apartamento,COP,True,23,2,311.57,Eficiente
Usuario_111,Casa,CLP,True,10,2,555.89,Ineficiente
Usuario_112,Comercio,COP,False,25,11,692.2,Eficiente
Usuario_113,Apartamento,ARS,True,3,6,142.43,Eficiente
Usuario_114,Casa,COP,False,6,8,490.41,Moderado
Usuario_115,Apartamento,MXN,True,6,1,264.96,Eficiente
Usuario_116,Casa,COP,True,2,11,279.49,Eficiente
Usuario_117,Casa,USD,True,18,6,383.19,Eficiente
Usuario_118,Comercio,PEN,True,23,12,939.62,Ineficiente
Usuario_119,Apartamento,MXN,False,2,2,301.49,Moderado
Usuario_120,Oficina,USD,True,12,2,549.81,Moderado
Usuario_121,Comercio,MXN,True,22,7,633.65,Eficiente
Usuario_122,Comercio,ARS,True,37,10,1101.62,Moderado
Usuario_123,Casa,PEN,True,20,1,442.18,Eficiente
Usuario_124,Oficina,PEN,True,39,6,504.12,Eficiente
Usuario_125,Apartamento,ARS,False,24,7,193.7,Eficiente
Usuario_126,Oficina,PEN,True,20,8,665.55,Moderado
Usuario_127,Oficina,ARS,True,1,7,421.09,Eficiente
Usuario_128,Oficina,USD,True,1,6,385.85,Eficiente
Usuario_129,Oficina,CLP,False,17,9,564.92,Moderado
Usuario_130,Oficina,MXN,True,1,13,444.99,Eficiente
Usuario_131,Casa,ARS,True,30,3,430.12,Eficiente
Usuario_132,Casa,MXN,False,3,11,251.28,Eficiente
Usuario_133,Comercio,USD,True,11,6,878.46,Moderado
Usuario_134,Casa,CLP,True,24,4,309.15,Eficiente
Usuario_135,Comercio,USD,True,22,2,420.17,Eficiente
Usuario_136,Comercio,PEN,False,26,1,508.86,Eficiente
Usuario_137,Apartamento,MXN,True,13,12,337.4,Moderado
Usuario_138,Oficina,BRL,False,1,12,733.68,Moderado
Usuario_139,Casa,CLP,False,24,1,291.76,Eficiente
Usuario_140,Apartamento,PEN,True,10,11,303.24,Moderado
Usuario_141,Casa,CLP,True,35,10,423.0,Eficiente
Usuario_142,Comercio,PEN,True,24,3,1099.63,Ineficiente
Usuario_143,Casa,USD,False,28,4,340.76,Eficiente
Usuario_144,Oficina,ARS,True,36,2,640.73,Eficiente
Usuario_145,Comercio,MXN,True,16,13,464.48,Eficiente
Usuario_146,Comercio,COP,True,16,12,697.37,Eficiente
Usuario_147,Apartamento,COP,False,17,11,344.04,Eficiente
Usuario_148,Oficina,USD,True,15,11,569.49,Moderado
Usuario_149,Comercio,MXN,False,16,11,621.52,Eficiente
Usuario_150,Oficina,MXN,True,15,1,360.14,Eficiente
Usuario_151,Casa,USD,True,34,4,456.23,Eficiente
Usuario_152,Oficina,MXN,True,11,7,622.43,Moderado
Usuario_153,Comercio,ARS,True,1,10,681.76,Moderado
Usuario_154,Apartamento,USD,True,15,11,341.21,Moderado
Usuario_155,Comercio,ARS,True,26,6,435.54,Eficiente
Usuario_156,Oficina,MXN,False,4,6,451.86,Eficiente
Usuario_157,Oficina,USD,False,5,11,760.53,Ineficiente
Usuario_158,Comercio,MXN,False,35,9,644.65,Eficiente
Usuario_159,Oficina,USD,True,13,2,426.13,Eficiente
Usuario_160,Casa,MXN,True,10,4,396.98,Eficiente
Usuario_161,Comercio,ARS,True,11,5,996.66,Moderado
Usuario_162,Apartamento,BRL,False,18,1,154.69,Eficiente
Usuario_163,Comercio,ARS,False,34,8,1080.11,Eficiente
Usuario_164,Casa,MXN,True,39,8,488.28,Eficiente
Usuario_165,Casa,USD,True,23,6,273.44,Eficiente
Usuario_166,Casa,COP,True,7,12,459.2,Ineficiente
Usuario_167,Casa,ARS,True,39,5,344.74,Eficiente
Usuario_168,Casa,ARS,True,3,8,350.8,Eficiente
Usuario_169,Apartamento,PEN,False,12,3,304.32,Eficiente
Usuario_170,Oficina,COP,False,7,3,781.39,Moderado
Usuario_171,Casa,MXN,True,26,2,254.33,Eficiente
Usuario_172,Casa,BRL,True,33,5,357.22,Eficiente
Usuario_173,Comercio,USD,False,37,3,756.66,Eficiente
Usuario_174,Apartamento,PEN,True,15,3,214.79,Eficiente
Usuario_175,Apartamento,MXN,True,2,6,211.9,Eficiente
Usuario_176,Oficina,CLP,True,7,8,326.13,Eficiente
Usuario_177,Apartamento,BRL,True,32,2,282.82,Eficiente
Usuario_178,Comercio,ARS,True,4,4,725.35,Eficiente
Usuario_179,Comercio,CLP,False,20,11,556.36,Eficiente
Usuario_180,Oficina,ARS,True,36,7,708.02,Eficiente
Usuario_181,Comercio,ARS,True,32,1,981.79,Moderado
Usuario_182,Casa,CLP,False,28,1,380.24,Eficiente
Usuario_183,Casa,BRL,True,13,12,314.46,Eficiente
Usuario_184,Comercio,CLP,False,1,13,866.66,Ineficiente
Usuario_185,Oficina,MXN,False,35,10,444.08,Eficiente
Usuario_186,Apartamento,PEN,True,30,7,183.92,Eficiente
Usuario_187,Oficina,PEN,False,36,7,665.26,Eficiente
Usuario_188,Apartamento,CLP,True,25,1,140.87,Eficiente
Usuario_189,Comercio,MXN,False,16,1,486.34,Eficiente
Usuario_190,Comercio,PEN,True,19,4,424.75,Eficiente
Usuario_191,Casa,MXN,False,1,5,263.53,Eficiente
Usuario_192,Apartamento,MXN,False,5,5,147.18,Eficiente
Usuario_193,Oficina,ARS,True,22,4,797.9,Moderado
Usuario_194,Comercio,PEN,True,24,8,622.17,Eficiente
Usuario_195,Oficina,PEN,False,37,7,374.63,Eficiente
Usuario_196,Casa,ARS,False,36,9,294.35,Eficiente
Usuario_197,Apartamento,CLP,True,36,7,337.95,Eficiente
Usuario_198,Apartamento,ARS,False,4,10,246.44,Eficiente
Usuario_199,Comercio,PEN,True,36,1,675.37,Eficiente
Usuario_200,Apartamento,PEN,True,18,13,324.15,Moderado
Usuario_201,Comercio,BRL,True,16,7,696.49,Eficiente
Usuario_202,Casa,CLP,True,18,1,327.25,Eficiente
Usuario_203,Apartamento,ARS,False,22,7,177.6,Eficiente
Usuario_204,Comercio,USD,True,2,10,684.46,Moderado
Usuario_205,Oficina,USD,False,21,8,458.34,Eficiente
Usuario_206,Comercio,CLP,True,36,11,894.11,Moderado
Usuario_207,Apartamento,ARS,True,39,9,195.71,Eficiente
Usuario_208,Casa,ARS,True,39,12,412.02,Eficiente
Usuario_209,Apartamento,MXN,True,29,3,146.5,Eficiente
Usuario_210,Apartamento,PEN,True,26,4,174.08,Eficiente
Usuario_211,Comercio,COP,True,21,4,705.18,Eficiente
Usuario_212,Oficina,BRL,True,17,12,768.47,Moderado
Usuario_213,Apartamento,CLP,True,16,9,215.0,Eficiente
Usuario_214,Oficina,COP,True,31,13,632.04,Eficiente
Usuario_215,Comercio,COP,True,9,7,598.56,Eficiente
Usuario_216,Oficina,CLP,False,31,3,363.52,Eficiente
Usuario_217,Comercio,ARS,False,14,10,460.98,Eficiente
Usuario_218,Casa,CLP,True,37,5,316.89,Eficiente
Usuario_219,Oficina,COP,True,2,7,378.83,Eficiente
Usuario_220,Oficina,PEN,True,14,8,387.01,Eficiente
Usuario_221,Casa,BRL,False,33,1,476.27,Eficiente
Usuario_222,Oficina,BRL,True,35,12,307.92,Eficiente
Usuario_223,Casa,PEN,True,39,2,405.23,Eficiente
Usuario_224,Apartamento,PEN,True,20,7,215.48,Eficiente
Usuario_225,Comercio,ARS,True,2,11,774.58,Moderado
Usuario_226,Casa,USD,True,19,13,406.99,Eficiente
Usuario_227,Oficina,CLP,False,37,13,456.68,Eficiente
Usuario_228,Casa,BRL,True,18,2,313.29,Eficiente
Usuario_229,Oficina,PEN,False,16,7,666.7,Moderado
Usuario_230,Apartamento,CLP,True,4,9,323.68,Ineficiente
Usuario_231,Casa,BRL,True,12,11,277.4,Eficiente
Usuario_232,Apartamento,PEN,False,29,2,153.48,Eficiente
Usuario_233,Comercio,BRL,True,7,7,1048.46,Moderado
Usuario_234,Oficina,ARS,False,14,4,474.95,Eficiente
Usuario_235,Oficina,USD,True,12,11,575.66,Moderado
Usuario_236,Apartamento,USD,True,35,13,211.1,Eficiente
Usuario_237,Comercio,PEN,False,5,2,508.06,Eficiente
Usuario_238,Casa,BRL,True,17,13,416.27,Eficiente
Usuario_239,Casa,ARS,False,32,7,393.8,Eficiente
Usuario_240,Oficina,MXN,True,10,13,401.5,Eficiente
Usuario_241,Apartamento,CLP,False,17,5,231.41,Eficiente
Usuario_242,Apartamento,CLP,True,5,1,307.33,Ineficiente
Usuario_243,Casa,COP,True,9,5,416.65,Moderado
Usuario_244,Comercio,ARS,False,33,12,487.84,Eficiente
Usuario_245,Comercio,BRL,False,36,12,803.62,Eficiente
Usuario_246,Casa,COP,False,36,3,455.96,Eficiente
Usuario_247,Casa,PEN,False,18,7,487.45,Eficiente
Usuario_248,Apartamento,BRL,False,9,6,270.41,Eficiente
Usuario_249,Comercio,COP,True,29,8,526.86,Eficiente
Usuario_250,Casa,USD,True,14,13,458.56,Moderado
Usuario_251,Casa,CLP,True,25,5,447.07,Eficiente
Usuario_252,Oficina,BRL,True,15,2,312.21,Eficiente
Usuario_253,Casa,COP,True,6,9,354.11,Moderado
Usuario_254,Casa,USD,True,29,11,326.53,Eficiente
Usuario_255,Comercio,ARS,True,15,8,888.59,Moderado
Usuario_256,Apartamento,COP,False,29,6,179.55,Eficiente
Usuario_257,Comercio,PEN,True,4,13,833.61,Ineficiente
Usuario_258,Apartamento,PEN,True,18,10,332.91,Moderado
Usuario_259,Oficina,PEN,True,39,7,698.9,Eficiente
Usuario_260,Casa,BRL,False,16,9,532.51,Eficiente
Usuario_261,Oficina,CLP,False,11,7,789.25,Ineficiente
Usuario_262,Apartamento,COP,False,14,3,134.35,Eficiente
Usuario_263,Comercio,ARS,True,3,6,855.92,Moderado
Usuario_264,Comercio,COP,True,38,11,708.99,Eficiente
Usuario_265,Oficina,CLP,True,18,13,729.93,Ineficiente
Usuario_266,Apartamento,USD,True,20,11,187.4,Eficiente
Usuario_267,Oficina,CLP,True,25,7,790.51,Ineficiente
Usuario_268,Oficina,PEN,True,38,2,606.85,Eficiente
Usuario_269,Casa,BRL,True,13,3,487.74,Eficiente
Usuario_270,Oficina,USD,False,4,4,342.8,Eficiente
Usuario_271,Casa,BRL,False,14,10,274.21,Eficiente
Usuario_272,Casa,PEN,True,33,6,475.44,Eficiente
Usuario_273,Comercio,MXN,True,28,1,435.39,Eficiente
Usuario_274,Casa,CLP,True,37,9,495.91,Moderado
Usuario_275,Casa,CLP,True,8,5,214.88,Eficiente
Usuario_276,Comercio,ARS,False,34,13,879.98,Eficiente
Usuario_277,Oficina,COP,True,5,12,482.55,Moderado
Usuario_278,Apartamento,USD,False,5,7,266.53,Eficiente
Usuario_279,Apartamento,BRL,True,31,9,285.13,Eficiente
Usuario_280,Apartamento,USD,False,9,9,207.34,Eficiente
Usuario_281,Oficina,ARS,True,32,1,353.98,Eficiente
Usuario_282,Casa,ARS,False,33,1,234.38,Eficiente
Usuario_283,Apartamento,BRL,True,3,3,261.57,Eficiente
Usuario_284,Oficina,COP,False,30,6,560.33,Eficiente
Usuario_285,Casa,BRL,True,12,2,469.77,Eficiente
Usuario_286,Comercio,BRL,True,29,10,776.81,Eficiente
Usuario_287,Apartamento,PEN,False,3,12,224.94,Moderado
Usuario_288,Casa,COP,False,26,11,349.33,Eficiente
Usuario_289,Apartamento,CLP,False,30,1,137.82,Eficiente
Usuario_290,Apartamento,PEN,False,9,1,205.82,Eficiente
Usuario_291,Apartamento,MXN,False,26,13,346.72,Eficiente
Usuario_292,Casa,COP,True,2,5,515.74,Ineficiente
Usuario_293,Oficina,ARS,True,3,4,464.69,Eficiente
Usuario_294,Casa,PEN,True,4,1,415.73,Moderado
Usuario_295,Apartamento,COP,False,25,4,318.41,Eficiente
Usuario_296,Casa,USD,True,13,3,364.45,Eficiente
Usuario_297,Comercio,BRL,True,39,2,432.57,Eficiente
Usuario_298,Oficina,MXN,True,35,9,337.26,Eficiente
Usuario_299,Casa,CLP,False,23,11,388.64,Eficiente
Usuario_300,Comercio,BRL,True,9,1,1098.61,Ineficiente
Usuario_301,Oficina,USD,True,2,7,646.6,Ineficiente
Usuario_302,Comercio,USD,True,31,13,469.64,Eficiente
Usuario_303,Oficina,MXN,True,2,4,394.68,Eficiente
Usuario_304,Casa,CLP,True,32,5,479.96,Eficiente
Usuario_305,Comercio,ARS,False,18,10,1009.01,Moderado
Usuario_306,Apartamento,PEN,False,13,5,267.89,Eficiente
Usuario_307,Comercio,CLP,False,5,1,871.1,Moderado
Usuario_308,Oficina,COP,True,10,6,314.17,Eficiente
Usuario_309,Casa,USD,False,25,13,499.99,Eficiente
Usuario_310,Oficina,COP,True,34,9,694.14,Moderado
Usuario_311,Comercio,ARS,True,37,2,601.32,Eficiente
Usuario_312,Comercio,COP,False,30,7,916.07,Eficiente
Usuario_313,Apartamento,CLP,True,7,6,179.27,Eficiente
Usuario_314,Casa,COP,True,6,5,224.12,Eficiente
Usuario_315,Casa,ARS,False,3,4,280.4,Eficiente
Usuario_316,Comercio,ARS,True,13,4,545.04,Eficiente
Usuario_317,Casa,ARS,False,3,6,328.21,Eficiente
Usuario_318,Apartamento,CLP,True,26,4,224.06,Eficiente
Usuario_319,Oficina,ARS,False,24,5,554.27,Eficiente
Usuario_320,Casa,USD,True,6,13,376.86,Moderado
Usuario_321,Comercio,BRL,True,12,6,609.47,Eficiente
Usuario_322,Oficina,ARS,False,36,5,314.59,Eficiente
Usuario_323,Oficina,COP,True,2,7,602.55,Moderado
Usuario_324,Apartamento,PEN,True,11,9,219.06,Eficiente
Usuario_325,Comercio,COP,True,39,10,629.07,Eficiente
Usuario_326,Casa,PEN,True,34,7,513.43,Eficiente
Usuario_327,Comercio,COP,True,26,7,942.72,Moderado
Usuario_328,Oficina,CLP,True,18,4,728.88,Ineficiente
Usuario_329,Comercio,COP,False,21,1,766.49,Eficiente
Usuario_330,Casa,CLP,True,36,8,255.83,Eficiente
Usuario_331,Casa,CLP,True,22,4,453.68,Moderado
Usuario_332,Apartamento,ARS,True,30,1,177.34,Eficiente
Usuario_333,Casa,USD,True,30,5,364.43,Eficiente
Usuario_334,Casa,PEN,False,8,8,232.75,Eficiente
Usuario_335,Comercio,ARS,True,34,4,997.72,Moderado
Usuario_336,Comercio,ARS,False,9,13,508.16,Eficiente
Usuario_337,Oficina,BRL,True,20,12,751.55,Moderado
Usuario_338,Apartamento,CLP,False,25,8,322.13,Eficiente
Usuario_339,Comercio,CLP,True,19,8,745.21,Moderado
Usuario_340,Casa,PEN,False,5,3,470.53,Moderado
Usuario_341,Oficina,COP,True,11,9,609.72,Moderado
Usuario_342,Comercio,COP,True,15,3,982.15,Moderado
Usuario_343,Apartamento,ARS,True,8,1,227.0,Eficiente
Usuario_344,Apartamento,MXN,True,19,2,304.88,Eficiente
Usuario_345,Oficina,MXN,False,23,6,531.23,Eficiente
Usuario_346,Oficina,COP,True,27,12,770.48,Moderado
Usuario_347,Oficina,MXN,True,32,10,543.19,Eficiente
Usuario_348,Oficina,BRL,False,26,2,531.31,Eficiente
Usuario_349,Oficina,COP,True,27,6,692.54,Moderado
Usuario_350,Casa,CLP,False,19,1,497.55,Moderado
Usuario_351,Casa,ARS,False,29,11,404.07,Eficiente
Usuario_352,Comercio,USD,True,39,13,545.86,Eficiente
Usuario_353,Apartamento,ARS,False,33,1,234.91,Eficiente
Usuario_354,Casa,COP,True,19,5,548.83,Moderado
Usuario_355,Casa,BRL,True,37,10,473.55,Eficiente
Usuario_356,Casa,COP,True,19,13,493.91,Moderado
Usuario_357,Comercio,ARS,True,33,11,442.98,Eficiente
Usuario_358,Oficina,BRL,False,16,9,533.93,Eficiente
Usuario_359,Comercio,BRL,False,23,8,872.63,Eficiente
Usuario_360,Apartamento,BRL,True,7,3,314.61,Moderado
Usuario_361,Apartamento,PEN,True,26,3,142.84,Eficiente
Usuario_362,Apartamento,COP,False,32,1,319.54,Eficiente
Usuario_363,Apartamento,MXN,True,12,3,252.65,Eficiente
Usuario_364,Casa,MXN,True,8,12,279.06,Eficiente
Usuario_365,Casa,COP,True,5,12,321.04,Eficiente
Usuario_366,Comercio,COP,False,28,12,617.35,Eficiente
Usuario_367,Oficina,PEN,True,5,13,565.43,Ineficiente
Usuario_368,Apartamento,MXN,False,26,11,143.37,Eficiente
Usuario_369,Comercio,COP,False,5,1,530.98,Eficiente
Usuario_370,Casa,COP,True,22,8,494.44,Eficiente
Usuario_371,Casa,PEN,True,15,1,256.41,Eficiente
Usuario_372,Oficina,PEN,False,13,5,416.7,Eficiente
Usuario_373,Oficina,ARS,True,28,9,526.69,Eficiente
Usuario_374,Oficina,PEN,False,33,7,558.56,Eficiente
Usuario_375,Comercio,USD,False,23,4,954.53,Moderado
Usuario_376,Casa,MXN,False,33,11,366.57,Eficiente
Usuario_377,Casa,ARS,False,18,9,486.45,Eficiente
Usuario_378,Oficina,USD,False,30,9,609.17,Eficiente
Usuario_379,Apartamento,COP,False,26,2,156.88,Eficiente
Usuario_380,Oficina,COP,True,16,10,378.17,Eficiente
Usuario_381,Comercio,ARS,True,13,10,725.92,Eficiente
Usuario_382,Oficina,PEN,True,39,11,498.44,Eficiente
Usuario_383,Oficina,BRL,False,33,12,671.77,Eficiente
Usuario_384,Comercio,BRL,True,26,6,826.52,Eficiente
Usuario_385,Oficina,COP,False,1,4,494.07,Eficiente
Usuario_386,Casa,BRL,True,38,8,269.77,Eficiente
Usuario_387,Apartamento,CLP,False,2,12,181.9,Eficiente
Usuario_388,Oficina,ARS,True,6,11,587.75,Moderado
Usuario_389,Comercio,USD,False,38,7,716.41,Eficiente
Usuario_390,Apartamento,ARS,True,24,7,245.28,Eficiente
Usuario_391,Comercio,MXN,True,18,11,539.47,Eficiente
Usuario_392,Apartamento,PEN,True,27,10,277.84,Eficiente
Usuario_393,Apartamento,PEN,False,8,9,319.56,Moderado
Usuario_394,Oficina,ARS,True,28,13,428.97,Eficiente
Usuario_395,Casa,COP,True,10,5,382.03,Eficiente
Usuario_396,Oficina,COP,False,17,6,787.76,Moderado
Usuario_397,Comercio,CLP,False,29,1,653.27,Eficiente
Usuario_398,Comercio,CLP,False,6,6,836.53,Moderado
Usuario_399,Apartamento,PEN,True,14,2,151.84,Eficiente
Usuario_400,Apartamento,CLP,True,22,6,265.32,Eficiente
Usuario_401,Casa,USD,False,6,9,241.37,Eficiente
Usuario_402,Oficina,CLP,True,26,8,779.62,Ineficiente
Usuario_403,Comercio,USD,False,39,9,920.96,Eficiente
Usuario_404,Apartamento,CLP,True,12,13,305.4,Ineficiente
Usuario_405,Casa,PEN,True,35,10,456.44,Eficiente
Usuario_406,Comercio,PEN,True,14,8,832.81,Moderado
Usuario_407,Apartamento,USD,True,22,3,230.98,Eficiente
Usuario_408,Comercio,ARS,True,23,8,1020.86,Moderado
Usuario_409,Casa,PEN,True,7,6,544.89,Ineficiente
Usuario_410,Casa,ARS,False,25,13,384.66,Eficiente
Usuario_411,Comercio,COP,True,13,6,1072.07,Ineficiente
Usuario_412,Oficina,USD,False,21,6,591.67,Eficiente
Usuario_413,Comercio,BRL,False,10,3,796.87,Eficiente
Usuario_414,Apartamento,PEN,True,9,10,231.99,Moderado
Usuario_415,Oficina,MXN,True,15,1,404.64,Eficiente
Usuario_416,Apartamento,COP,False,2,12,132.82,Eficiente
Usuario_417,Comercio,ARS,False,25,4,589.05,Eficiente
Usuario_418,Oficina,PEN,False,13,10,554.86,Moderado
Usuario_419,Apartamento,USD,False,34,12,215.59,Eficiente
Usuario_420,Comercio,BRL,False,34,6,733.94,Eficiente
Usuario_421,Comercio,CLP,True,35,11,1106.45,Ineficiente
Usuario_422,Oficina,BRL,True,38,12,475.14,Eficiente
Usuario_423,Comercio,MXN,False,3,10,736.53,Eficiente
Usuario_424,Casa,ARS,True,6,2,256.73,Eficiente
Usuario_425,Apartamento,COP,False,19,7,142.55,Eficiente
Usuario_426,Apartamento,BRL,True,3,7,302.59,Moderado
Usuario_427,Comercio,USD,True,18,11,819.48,Moderado
Usuario_428,Comercio,MXN,False,39,4,952.49,Eficiente
Usuario_429,Casa,USD,True,9,4,262.45,Eficiente
Usuario_430,Oficina,PEN,True,12,1,585.91,Moderado
Usuario_431,Comercio,CLP,True,5,13,597.55,Moderado
Usuario_432,Comercio,COP,False,3,2,579.64,Eficiente
Usuario_433,Comercio,USD,True,11,9,428.07,Eficiente
Usuario_434,Comercio,ARS,False,30,10,511.24,Eficiente
Usuario_435,Apartamento,PEN,True,4,8,200.04,Eficiente
Usuario_436,Comercio,PEN,False,5,8,501.82,Eficiente
Usuario_437,Apartamento,COP,False,1,9,348.89,Ineficiente
Usuario_438,Comercio,PEN,True,27,7,636.04,Eficiente
Usuario_439,Oficina,ARS,True,28,13,365.16,Eficiente
Usuario_440,Casa,USD,True,29,9,279.68,Eficiente
Usuario_441,Oficina,COP,False,18,10,593.85,Eficiente
Usuario_442,Comercio,PEN,True,12,12,464.83,Eficiente
Usuario_443,Comercio,PEN,False,13,2,1023.7,Moderado
Usuario_444,Comercio,ARS,True,2,6,1093.05,Ineficiente
Usuario_445,Oficina,CLP,True,37,3,423.37,Eficiente
Usuario_446,Comercio,CLP,True,16,11,735.07,Moderado
Usuario_447,Oficina,BRL,True,24,6,311.07,Eficiente
Usuario_448,Apartamento,PEN,True,35,3,272.96,Eficiente
Usuario_449,Casa,USD,False,22,8,354.87,Eficiente
Usuario_450,Casa,COP,False,36,11,304.52,Eficiente
Usuario_451,Oficina,PEN,True,11,13,403.42,Eficiente
Usuario_452,Apartamento,MXN,False,29,4,275.89,Eficiente
Usuario_453,Oficina,COP,False,35,12,508.11,Eficiente
Usuario_454,Apartamento,BRL,False,15,10,171.53,Eficiente
Usuario_455,Comercio,CLP,True,31,6,902.38,Moderado
Usuario_456,Apartamento,PEN,True,16,9,256.32,Eficiente
Usuario_457,Apartamento,ARS,True,10,2,320.91,Moderado
Usuario_458,Apartamento,MXN,False,32,2,157.84,Eficiente
Usuario_459,Casa,PEN,True,2,7,484.98,Ineficiente
Usuario_460,Apartamento,BRL,True,24,2,280.17,Eficiente
Usuario_461,Comercio,USD,True,23,2,500.51,Eficiente
Usuario_462,Comercio,MXN,True,2,4,906.37,Moderado
Usuario_463,Comercio,BRL,False,38,9,729.08,Eficiente
Usuario_464,Apartamento,PEN,True,31,8,339.9,Eficiente
Usuario_465,Oficina,USD,True,26,2,370.81,Eficiente
Usuario_466,Oficina,MXN,False,29,8,621.42,Eficiente
Usuario_467,Comercio,USD,False,3,4,687.39,Eficiente
Usuario_468,Casa,USD,False,14,2,544.89,Moderado
Usuario_469,Oficina,MXN,False,25,11,464.99,Eficiente
Usuario_470,Apartamento,MXN,False,1,10,343.68,Ineficiente
Usuario_471,Oficina,USD,True,3,7,750.74,Ineficiente
Usuario_472,Comercio,BRL,True,26,6,609.27,Eficiente
Usuario_473,Casa,CLP,False,18,10,491.24,Moderado
Usuario_474,Oficina,MXN,False,9,5,797.8,Moderado
Usuario_475,Oficina,PEN,False,38,11,426.33,Eficiente
Usuario_476,Comercio,COP,True,23,1,725.74,Eficiente
Usuario_477,Casa,ARS,True,21,2,392.06,Eficiente
Usuario_478,Casa,USD,True,1,8,313.23,Eficiente
Usuario_479,Comercio,USD,True,21,1,430.69,Eficiente
Usuario_480,Apartamento,ARS,True,27,3,180.43,Eficiente
Usuario_481,Oficina,CLP,False,6,2,440.97,Eficiente
Usuario_482,Apartamento,ARS,True,36,5,229.59,Eficiente
Usuario_483,Oficina,MXN,True,28,4,385.55,Eficiente
Usuario_484,Oficina,ARS,True,17,13,736.63,Moderado
Usuario_485,Apartamento,USD,False,3,7,287.08,Moderado
Usuario_486,Comercio,ARS,True,12,5,479.64,Eficiente
Usuario_487,Comercio,COP,True,39,8,875.06,Eficiente
Usuario_488,Oficina,PEN,True,12,4,626.83,Moderado
Usuario_489,Comercio,MXN,True,2,12,1089.35,Ineficiente
Usuario_490,Oficina,ARS,False,22,6,301.51,Eficiente
Usuario_491,Comercio,USD,False,23,4,593.55,Eficiente
Usuario_492,Oficina,BRL,True,30,2,763.9,Eficiente
Usuario_493,Comercio,PEN,True,5,1,1072.49,Ineficiente
Usuario_494,Casa,MXN,False,9,1,462.21,Eficiente
Usuario_495,Apartamento,USD,True,21,8,300.47,Eficiente
Usuario_496,Casa,CLP,True,11,4,242.02,Eficiente
Usuario_497,Apartamento,COP,True,5,5,245.05,Eficiente
Usuario_498,Apartamento,CLP,False,35,11,182.95,Eficiente
Usuario_499,Oficina,COP,True,27,8,390.61,Eficiente
Usuario_500,Apartamento,ARS,True,2,12,310.27,Ineficiente
Usuario_501,Casa,MXN,False,24,7,257.26,Eficiente
Usuario_502,Casa,ARS,True,31,13,374.03,Eficiente
Usuario_503,Comercio,COP,True,33,8,1077.0,Moderado
Usuario_504,Casa,COP,False,39,13,275.04,Eficiente
Usuario_505,Comercio,COP,True,30,8,1104.6,Moderado
Usuario_506,Apartamento,PEN,False,37,6,350.74,Eficiente
Usuario_507,Casa,USD,True,28,10,404.47,Eficiente
Usuario_508,Apartamento,MXN,True,31,2,169.43,Eficiente
Usuario_509,Casa,ARS,True,11,6,320.64,Eficiente
Usuario_510,Casa,ARS,True,23,1,358.57,Eficiente
Usuario_511,Comercio,CLP,True,2,1,636.53,Moderado
Usuario_512,Apartamento,COP,False,27,11,193.74,Eficiente
Usuario_513,Casa,BRL,True,35,3,550.28,Eficiente
Usuario_514,Oficina,COP,True,2,3,376.68,Eficiente
Usuario_515,Apartamento,COP,True,39,11,293.33,Eficiente
Usuario_516,Apartamento,BRL,False,37,13,132.09,Eficiente
Usuario_517,Apartamento,ARS,True,21,5,263.16,Eficiente
Usuario_518,Comercio,CLP,True,5,1,1061.16,Ineficiente
Usuario_519,Oficina,USD,True,21,10,443.97,Eficiente
Usuario_520,Apartamento,BRL,True,29,6,172.82,Eficiente
Usuario_521,Casa,PEN,True,20,7,438.09,Eficiente
Usuario_522,Casa,MXN,False,38,10,459.41,Eficiente
Usuario_523,Comercio,BRL,True,20,12,901.62,Moderado
Usuario_524,Casa,USD,True,25,13,321.76,Eficiente
Usuario_525,Apartamento,ARS,True,2,11,187.48,Eficiente
Usuario_526,Casa,PEN,False,32,3,544.57,Eficiente
Usuario_527,Apartamento,PEN,True,26,4,335.13,Eficiente
Usuario_528,Casa,PEN,True,6,10,370.06,Moderado
Usuario_529,Oficina,COP,True,3,11,723.1,Ineficiente
Usuario_530,Comercio,MXN,True,33,10,736.63,Eficiente
Usuario_531,Comercio,ARS,True,1,12,717.07,Moderado
Usuario_532,Oficina,ARS,True,5,10,378.38,Eficiente
Usuario_533,Oficina,PEN,True,13,10,513.2,Moderado
Usuario_534,Comercio,ARS,True,19,10,796.19,Moderado
Usuario_535,Oficina,MXN,True,12,3,311.25,Eficiente
Usuario_536,Apartamento,MXN,True,25,1,229.7,Eficiente
Usuario_537,Casa,CLP,True,35,8,483.47,Eficiente
Usuario_538,Comercio,BRL,False,12,13,896.03,Eficiente
Usuario_539,Oficina,BRL,False,30,10,617.58,Eficiente
Usuario_540,Apartamento,CLP,False,5,10,332.1,Ineficiente
Usuario_541,Comercio,USD,False,34,2,432.62,Eficiente
Usuario_542,Oficina,BRL,False,22,1,578.52,Eficiente
Usuario_543,Comercio,MXN,False,39,8,971.14,Eficiente
Usuario_544,Oficina,MXN,True,13,7,570.67,Eficiente
Usuario_545,Comercio,BRL,False,3,7,646.73,Eficiente
Usuario_546,Apartamento,MXN,True,20,4,161.98,Eficiente
Usuario_547,Apartamento,CLP,True,31,11,327.26,Eficiente
Usuario_548,Casa,PEN,False,5,9,374.77,Moderado
Usuario_549,Comercio,PEN,True,24,6,1034.68,Ineficiente
Usuario_550,Casa,ARS,True,33,2,415.05,Eficiente
Usuario_551,Comercio,PEN,False,8,1,891.93,Moderado
Usuario_552,Oficina,COP,True,24,1,702.13,Moderado
Usuario_553,Oficina,CLP,True,20,9,629.58,Moderado
Usuario_554,Casa,MXN,False,16,4,349.32,Eficiente
Usuario_555,Comercio,BRL,False,12,5,779.54,Eficiente
Usuario_556,Casa,PEN,True,13,3,491.07,Moderado
Usuario_557,Apartamento,CLP,True,39,4,214.2,Eficiente
Usuario_558,Casa,PEN,True,25,12,345.84,Eficiente
Usuario_559,Casa,USD,False,32,8,243.49,Eficiente
Usuario_560,Oficina,MXN,True,24,13,757.29,Moderado
Usuario_561,Casa,USD,True,9,4,241.86,Eficiente
Usuario_562,Comercio,MXN,True,23,9,873.75,Moderado
Usuario_563,Oficina,CLP,True,13,9,506.6,Moderado
Usuario_564,Casa,ARS,False,32,6,351.97,Eficiente
Usuario_565,Apartamento,PEN,True,15,2,281.5,Eficiente
Usuario_566,Casa,PEN,False,36,12,233.48,Eficiente
Usuario_567,Casa,COP,True,5,10,417.8,Moderado
Usuario_568,Casa,BRL,False,22,11,480.21,Eficiente
Usuario_569,Oficina,USD,False,16,7,714.11,Moderado
Usuario_570,Comercio,PEN,True,10,9,539.37,Eficiente
Usuario_571,Apartamento,CLP,True,24,6,329.43,Eficiente
Usuario_572,Casa,ARS,True,18,3,439.65,Eficiente
Usuario_573,Comercio,BRL,False,18,7,1037.3,Eficiente
Usuario_574,Comercio,CLP,True,7,5,759.7,Moderado
Usuario_575,Oficina,USD,False,4,1,571.02,Moderado
Usuario_576,Apartamento,COP,False,26,3,334.19,Eficiente
Usuario_577,Oficina,PEN,False,5,5,749.95,Ineficiente
Usuario_578,Comercio,CLP,False,16,7,733.71,Eficiente
Usuario_579,Comercio,BRL,True,35,3,612.09,Eficiente
Usuario_580,Comercio,MXN,True,26,6,695.22,Eficiente
Usuario_581,Oficina,ARS,True,18,5,493.88,Eficiente
Usuario_582,Apartamento,BRL,False,29,13,195.11,Eficiente
Usuario_583,Casa,CLP,False,23,1,304.0,Eficiente
Usuario_584,Oficina,ARS,False,14,10,730.53,Moderado
Usuario_585,Comercio,PEN,True,15,6,468.9,Eficiente
Usuario_586,Oficina,MXN,True,33,8,638.81,Eficiente
Usuario_587,Comercio,COP,False,25,13,540.97,Eficiente
Usuario_588,Casa,BRL,True,21,13,330.58,Eficiente
Usuario_589,Casa,COP,True,17,1,231.54,Eficiente
Usuario_590,Apartamento,MXN,False,23,2,191.39,Eficiente
Usuario_591,Comercio,ARS,True,17,4,957.89,Moderado
Usuario_592,Apartamento,PEN,True,14,12,326.7,Moderado
Usuario_593,Apartamento,CLP,True,29,2,180.74,Eficiente
Usuario_594,Casa,MXN,True,20,11,372.24,Eficiente
Usuario_595,Oficina,USD,False,30,9,535.16,Eficiente
Usuario_596,Oficina,ARS,True,19,10,736.79,Moderado
Usuario_597,Apartamento,COP,True,39,8,299.82,Eficiente
Usuario_598,Casa,BRL,True,13,8,389.58,Eficiente
Usuario_599,Comercio,MXN,False,18,4,889.52,Eficiente
Usuario_600,Oficina,COP,True,23,5,723.68,Moderado
Usuario_601,Apartamento,ARS,True,33,4,134.1,Eficiente
Usuario_602,Oficina,COP,True,39,13,501.45,Eficiente
Usuario_603,Oficina,MXN,True,18,9,753.62,Moderado
Usuario_604,Comercio,ARS,True,9,13,938.22,Ineficiente
Usuario_605,Casa,USD,False,33,2,399.99,Eficiente
Usuario_606,Comercio,MXN,False,32,13,790.75,Eficiente
Usuario_607,Casa,CLP,True,17,11,331.72,Eficiente
Usuario_608,Oficina,PEN,True,19,8,560.26,Eficiente
Usuario_609,Apartamento,MXN,False,27,2,276.18,Eficiente
Usuario_610,Comercio,ARS,True,6,1,712.85,Eficiente
Usuario_611,Casa,BRL,False,35,10,459.95,Eficiente
Usuario_612,Oficina,PEN,True,37,3,730.62,Moderado
Usuario_613,Casa,MXN,False,34,9,264.14,Eficiente
Usuario_614,Casa,USD,False,20,12,368.04,Eficiente
Usuario_615,Casa,BRL,False,25,3,352.81,Eficiente
Usuario_616,Oficina,USD,False,4,9,643.73,Moderado
Usuario_617,Apartamento,CLP,True,10,7,186.97,Eficiente
Usuario_618,Apartamento,BRL,False,10,13,272.86,Eficiente
Usuario_619,Apartamento,COP,True,24,10,325.05,Eficiente
Usuario_620,Casa,BRL,True,21,1,356.35,Eficiente
Usuario_621,Oficina,PEN,False,11,10,755.51,Ineficiente
Usuario_622,Casa,BRL,False,27,5,557.61,Eficiente
Usuario_623,Apartamento,ARS,False,16,9,155.34,Eficiente
Usuario_624,Apartamento,ARS,True,26,12,183.27,Eficiente
Usuario_625,Oficina,COP,False,30,3,775.19,Eficiente
Usuario_626,Casa,BRL,False,16,9,545.41,Eficiente
Usuario_627,Comercio,USD,True,7,5,488.4,Eficiente
Usuario_628,Comercio,USD,True,16,9,430.5,Eficiente
Usuario_629,Apartamento,MXN,True,35,10,167.44,Eficiente
Usuario_630,Oficina,CLP,True,16,6,798.01,Ineficiente
Usuario_631,Casa,PEN,False,12,9,273.0,Eficiente
Usuario_632,Casa,CLP,False,35,7,385.89,Eficiente
Usuario_633,Apartamento,BRL,False,21,7,318.65,Eficiente
Usuario_634,Apartamento,CLP,False,36,8,136.49,Eficiente
Usuario_635,Casa,MXN,True,17,7,421.57,Eficiente
Usuario_636,Casa,CLP,False,32,12,306.96,Eficiente
Usuario_637,Apartamento,COP,True,6,9,321.71,Ineficiente
Usuario_638,Casa,MXN,False,24,11,309.21,Eficiente
Usuario_639,Comercio,COP,True,27,9,900.73,Moderado
Usuario_640,Apartamento,BRL,False,20,6,280.33,Eficiente
Usuario_641,Casa,MXN,True,25,7,287.52,Eficiente
Usuario_642,Apartamento,BRL,True,2,2,139.66,Eficiente
Usuario_643,Oficina,BRL,False,9,9,504.62,Eficiente
Usuario_644,Apartamento,CLP,True,28,12,195.62,Eficiente
Usuario_645,Apartamento,COP,False,38,13,309.98,Eficiente
Usuario_646,Oficina,BRL,True,3,1,700.18,Moderado
Usuario_647,Comercio,COP,False,20,1,739.92,Eficiente
Usuario_648,Casa,COP,True,6,3,422.28,Moderado
Usuario_649,Oficina,MXN,True,39,12,602.13,Eficiente
Usuario_650,Apartamento,ARS,True,33,6,313.97,Eficiente
Usuario_651,Casa,CLP,True,1,5,358.75,Moderado
Usuario_652,Oficina,BRL,True,37,2,437.72,Eficiente
Usuario_653,Casa,COP,True,6,9,302.76,Eficiente
Usuario_654,Casa,PEN,True,34,13,397.67,Eficiente
Usuario_655,Oficina,ARS,True,15,10,524.57,Eficiente
Usuario_656,Casa,BRL,True,26,4,364.04,Eficiente
Usuario_657,Comercio,PEN,False,14,4,483.8,Eficiente
Usuario_658,Oficina,CLP,True,7,5,659.3,Ineficiente
Usuario_659,Comercio,CLP,True,31,8,569.62,Eficiente
Usuario_660,Apartamento,COP,False,24,10,175.33,Eficiente
Usuario_661,Casa,COP,True,31,4,354.47,Eficiente
Usuario_662,Apartamento,BRL,False,29,5,182.11,Eficiente
Usuario_663,Apartamento,MXN,True,32,12,260.45,Eficiente
Usuario_664,Casa,ARS,True,17,4,340.01,Eficiente
Usuario_665,Oficina,BRL,True,14,6,524.46,Eficiente
Usuario_666,Casa,ARS,False,36,12,398.01,Eficiente
Usuario_667,Apartamento,COP,False,24,3,176.78,Eficiente
Usuario_668,Apartamento,CLP,True,27,8,166.27,Eficiente
Usuario_669,Oficina,COP,True,25,6,740.21,Moderado
Usuario_670,Casa,CLP,False,32,10,361.8,Eficiente
Usuario_671,Apartamento,BRL,True,18,5,222.66,Eficiente
Usuario_672,Comercio,CLP,True,18,13,444.93,Eficiente
Usuario_673,Apartamento,COP,False,37,2,241.55,Eficiente
Usuario_674,Apartamento,USD,False,26,10,253.92,Eficiente
Usuario_675,Oficina,ARS,True,9,10,579.42,Moderado
Usuario_676,Comercio,PEN,False,35,7,914.92,Eficiente
Usuario_677,Apartamento,CLP,False,8,2,171.05,Eficiente
Usuario_678,Apartamento,CLP,True,20,1,187.49,Eficiente
Usuario_679,Comercio,USD,True,22,7,987.51,Moderado
Usuario_680,Casa,BRL,True,19,5,541.51,Eficiente
Usuario_681,Casa,BRL,False,30,1,257.58,Eficiente
Usuario_682,Apartamento,BRL,False,28,4,241.48,Eficiente
Usuario_683,Apartamento,PEN,True,35,12,179.12,Eficiente
Usuario_684,Casa,MXN,False,11,13,231.03,Eficiente
Usuario_685,Oficina,USD,True,31,4,462.75,Eficiente
Usuario_686,Comercio,PEN,True,39,10,520.58,Eficiente
Usuario_687,Comercio,USD,True,36,7,916.95,Moderado
Usuario_688,Oficina,CLP,True,30,9,566.86,Moderado
Usuario_689,Oficina,ARS,False,23,2,371.92,Eficiente
Usuario_690,Oficina,USD,True,19,12,304.62,Eficiente
Usuario_691,Oficina,MXN,False,12,1,704.08,Eficiente
Usuario_692,Oficina,COP,True,15,2,388.1,Eficiente
Usuario_693,Oficina,PEN,True,31,7,603.11,Eficiente
Usuario_694,Comercio,USD,False,37,13,655.85,Eficiente
Usuario_695,Oficina,USD,True,37,10,592.74,Eficiente
Usuario_696,Casa,MXN,True,15,6,320.48,Eficiente
Usuario_697,Oficina,ARS,True,29,4,343.47,Eficiente
Usuario_698,Oficina,USD,False,26,1,411.48,Eficiente
Usuario_699,Comercio,USD,True,2,13,551.64,Eficiente
Usuario_700,Comercio,ARS,True,20,1,719.61,Eficiente
Usuario_701,Oficina,MXN,True,15,5,629.14,Eficiente
Usuario_702,Comercio,PEN,True,4,1,604.66,Eficiente
Usuario_703,Apartamento,PEN,False,22,12,134.66,Eficiente
Usuario_704,Comercio,USD,True,38,7,783.26,Eficiente
Usuario_705,Comercio,ARS,True,23,13,844.03,Moderado
Usuario_706,Comercio,USD,True,26,11,1094.01,Ineficiente
Usuario_707,Comercio,BRL,True,11,1,832.63,Eficiente
Usuario_708,Casa,COP,False,28,1,374.91,Eficiente
Usuario_709,Casa,PEN,True,2,2,410.69,Ineficiente
Usuario_710,Casa,BRL,False,8,13,534.77,Moderado
Usuario_711,Oficina,CLP,True,29,11,714.19,Ineficiente
Usuario_712,Oficina,COP,True,11,12,461.49,Eficiente
Usuario_713,Apartamento,USD,False,37,10,184.2,Eficiente
Usuario_714,Casa,MXN,True,18,3,301.92,Eficiente
Usuario_715,Oficina,PEN,False,14,13,552.21,Eficiente
Usuario_716,Comercio,CLP,False,10,11,940.83,Ineficiente
Usuario_717,Comercio,COP,True,35,1,772.25,Eficiente
Usuario_718,Casa,PEN,True,9,9,233.73,Eficiente
Usuario_719,Apartamento,ARS,False,35,10,291.19,Eficiente
Usuario_720,Apartamento,MXN,True,11,8,309.31,Eficiente
Usuario_721,Comercio,COP,True,12,5,622.65,Eficiente
Usuario_722,Apartamento,ARS,True,3,13,278.11,Moderado
Usuario_723,Casa,BRL,True,39,11,359.31,Eficiente
Usuario_724,Comercio,USD,False,14,2,1042.38,Moderado
Usuario_725,Oficina,ARS,True,28,5,722.61,Eficiente
Usuario_726,Oficina,COP,True,11,6,562.72,Eficiente
Usuario_727,Apartamento,COP,False,39,1,284.13,Eficiente
Usuario_728,Comercio,BRL,True,25,11,1038.34,Moderado
Usuario_729,Comercio,USD,True,21,4,767.0,Eficiente
Usuario_730,Oficina,ARS,False,10,9,456.63,Eficiente
Usuario_731,Comercio,ARS,True,15,2,947.57,Moderado
Usuario_732,Comercio,USD,False,19,5,574.05,Eficiente
Usuario_733,Comercio,ARS,False,22,1,691.97,Eficiente
Usuario_734,Apartamento,PEN,True,21,4,322.46,Eficiente
Usuario_735,Comercio,USD,True,32,4,927.1,Moderado
Usuario_736,Casa,MXN,True,23,6,351.33,Eficiente
Usuario_737,Apartamento,COP,True,13,10,179.24,Eficiente
Usuario_738,Comercio,MXN,False,5,9,669.18,Eficiente
Usuario_739,Comercio,PEN,False,4,3,618.87,Eficiente
Usuario_740,Casa,BRL,True,28,9,271.63,Eficiente
Usuario_741,Apartamento,PEN,False,14,6,295.53,Eficiente
Usuario_742,Oficina,CLP,False,8,7,426.03,Eficiente
Usuario_743,Oficina,CLP,False,9,12,527.08,Moderado
Usuario_744,Apartamento,CLP,True,35,10,216.89,Eficiente
Usuario_745,Comercio,USD,True,37,2,1107.45,Moderado
Usuario_746,Comercio,ARS,True,21,11,693.76,Eficiente
Usuario_747,Oficina,PEN,False,18,10,339.99,Eficiente
Usuario_748,Oficina,MXN,True,33,6,344.91,Eficiente
Usuario_749,Oficina,BRL,True,8,6,595.38,Eficiente
Usuario_750,Casa,MXN,True,17,2,419.78,Eficiente
Usuario_751,Oficina,MXN,True,31,2,509.38,Eficiente
Usuario_752,Casa,MXN,True,34,2,361.15,Eficiente
Usuario_753,Apartamento,BRL,False,6,10,143.87,Eficiente
Usuario_754,Comercio,CLP,True,22,12,781.58,Moderado
Usuario_755,Oficina,MXN,True,14,1,552.37,Eficiente
Usuario_756,Comercio,BRL,True,3,5,524.68,Eficiente
Usuario_757,Comercio,BRL,True,12,8,492.69,Eficiente
Usuario_758,Oficina,ARS,True,36,2,361.79,Eficiente
Usuario_759,Oficina,BRL,True,12,13,350.51,Eficiente
Usuario_760,Apartamento,CLP,True,2,5,266.14,Ineficiente
Usuario_761,Casa,MXN,True,2,12,278.77,Eficiente
Usuario_762,Casa,BRL,True,15,8,298.0,Eficiente
Usuario_763,Comercio,USD,True,23,10,541.5,Eficiente
Usuario_764,Oficina,BRL,False,29,5,778.92,Eficiente
Usuario_765,Apartamento,COP,False,17,2,320.02,Eficiente
Usuario_766,Apartamento,COP,True,32,3,182.71,Eficiente
Usuario_767,Apartamento,COP,True,7,6,204.06,Eficiente
Usuario_768,Apartamento,BRL,False,30,11,178.18,Eficiente
Usuario_769,Apartamento,CLP,True,28,11,240.21,Eficiente
Usuario_770,Casa,MXN,False,14,5,216.86,Eficiente
Usuario_771,Casa,PEN,False,30,11,444.98,Eficiente
Usuario_772,Casa,PEN,True,17,4,393.11,Eficiente
Usuario_773,Oficina,PEN,True,32,4,749.32,Moderado
Usuario_774,Comercio,CLP,False,6,5,535.07,Eficiente
Usuario_775,Apartamento,ARS,True,24,2,308.9,Eficiente
Usuario_776,Oficina,USD,True,6,9,695.98,Ineficiente
Usuario_777,Apartamento,USD,True,27,2,159.98,Eficiente
Usuario_778,Casa,COP,True,18,10,349.5,Eficiente
Usuario_779,Oficina,COP,False,24,2,385.08,Eficiente
Usuario_780,Casa,BRL,False,37,10,299.15,Eficiente
Usuario_781,Apartamento,PEN,False,24,9,189.91,Eficiente
Usuario_782,Apartamento,BRL,True,38,3,254.37,Eficiente
Usuario_783,Comercio,PEN,True,34,10,707.99,Eficiente
Usuario_784,Apartamento,COP,True,15,7,340.5,Moderado
Usuario_785,Casa,MXN,True,11,4,254.23,Eficiente
Usuario_786,Apartamento,ARS,True,22,13,346.21,Eficiente
Usuario_787,Comercio,BRL,False,24,13,581.45,Eficiente
Usuario_788,Comercio,ARS,False,1,6,961.01,Moderado
Usuario_789,Casa,ARS,True,18,4,328.64,Eficiente
Usuario_790,Oficina,ARS,False,12,10,371.54,Eficiente
Usuario_791,Apartamento,COP,True,28,7,320.74,Eficiente
Usuario_792,Comercio,USD,True,7,1,636.2,Eficiente
Usuario_793,Apartamento,COP,False,23,3,276.95,Eficiente
Usuario_794,Apartamento,ARS,True,21,13,256.62,Eficiente
Usuario_795,Oficina,COP,False,34,3,535.88,Eficiente
Usuario_796,Comercio,ARS,False,11,1,767.07,Eficiente
Usuario_797,Apartamento,CLP,True,22,6,293.09,Eficiente
Usuario_798,Comercio,PEN,False,35,13,481.44,Eficiente
Usuario_799,Casa,USD,True,29,11,443.86,Eficiente
Usuario_800,Casa,CLP,True,28,9,523.53,Moderado
Usuario_801,Apartamento,MXN,True,18,8,144.71,Eficiente
Usuario_802,Comercio,COP,True,14,11,518.46,Eficiente
Usuario_803,Apartamento,MXN,False,18,7,289.66,Eficiente
Usuario_804,Comercio,BRL,True,28,10,726.1,Eficiente
Usuario_805,Comercio,COP,False,24,8,702.48,Eficiente
Usuario_806,Oficina,PEN,True,8,6,368.48,Eficiente
Usuario_807,Oficina,CLP,True,8,9,553.39,Ineficiente
Usuario_808,Oficina,PEN,False,4,3,363.27,Eficiente
Usuario_809,Apartamento,BRL,True,27,10,236.86,Eficiente
Usuario_810,Oficina,ARS,True,36,10,681.81,Eficiente
Usuario_811,Oficina,PEN,True,5,9,429.13,Moderado
Usuario_812,Casa,PEN,True,33,4,378.28,Eficiente
Usuario_813,Comercio,ARS,True,34,7,1114.41,Moderado
Usuario_814,Comercio,COP,False,30,13,900.66,Eficiente
Usuario_815,Oficina,ARS,True,8,9,720.68,Ineficiente
Usuario_816,Comercio,CLP,True,39,2,710.39,Eficiente
Usuario_817,Casa,PEN,False,26,2,478.75,Eficiente
Usuario_818,Casa,ARS,True,37,9,224.18,Eficiente
Usuario_819,Oficina,BRL,False,34,12,361.46,Eficiente
Usuario_820,Casa,BRL,True,7,13,281.07,Eficiente
Usuario_821,Comercio,PEN,True,28,3,701.37,Eficiente
Usuario_822,Apartamento,CLP,False,39,9,318.06,Eficiente
Usuario_823,Comercio,MXN,True,39,13,662.39,Eficiente
Usuario_824,Apartamento,CLP,False,28,5,276.02,Eficiente
Usuario_825,Oficina,USD,True,14,6,654.66,Moderado
Usuario_826,Apartamento,USD,True,38,2,260.96,Eficiente
Usuario_827,Casa,USD,True,4,8,335.03,Eficiente
Usuario_828,Comercio,PEN,True,18,11,823.94,Moderado
Usuario_829,Apartamento,BRL,False,25,9,207.3,Eficiente
Usuario_830,Comercio,COP,True,7,2,478.71,Eficiente
Usuario_831,Oficina,BRL,False,38,6,796.4,Eficiente
Usuario_832,Oficina,COP,False,28,6,363.59,Eficiente
Usuario_833,Casa,COP,True,5,8,235.32,Eficiente
Usuario_834,Oficina,BRL,True,3,10,739.27,Ineficiente
Usuario_835,Apartamento,PEN,False,31,12,198.4,Eficiente
Usuario_836,Oficina,CLP,False,20,5,625.15,Moderado
Usuario_837,Casa,COP,True,19,9,325.15,Eficiente
Usuario_838,Comercio,MXN,True,11,1,694.02,Eficiente
Usuario_839,Comercio,BRL,True,3,9,603.48,Eficiente
Usuario_840,Oficina,BRL,False,23,10,471.52,Eficiente
Usuario_841,Apartamento,USD,True,7,7,222.35,Eficiente
Usuario_842,Casa,CLP,False,23,4,462.15,Eficiente
Usuario_843,Apartamento,USD,True,7,3,244.54,Eficiente
Usuario_844,Casa,BRL,True,34,10,540.25,Eficiente
Usuario_845,Oficina,BRL,True,19,11,320.94,Eficiente
Usuario_846,Casa,COP,True,9,6,386.07,Eficiente
Usuario_847,Casa,CLP,True,18,12,414.48,Moderado
Usuario_848,Oficina,ARS,True,25,13,760.1,Moderado
Usuario_849,Apartamento,MXN,True,14,1,142.81,Eficiente
Usuario_850,Oficina,COP,True,25,3,586.75,Eficiente
Usuario_851,Casa,BRL,True,19,2,508.77,Eficiente
Usuario_852,Oficina,COP,False,39,11,420.96,Eficiente
Usuario_853,Casa,MXN,True,15,13,516.7,Moderado
Usuario_854,Oficina,BRL,True,16,9,309.52,Eficiente
Usuario_855,Comercio,MXN,True,27,3,932.72,Eficiente
Usuario_856,Comercio,ARS,False,10,13,1073.18,Ineficiente
Usuario_857,Oficina,COP,True,4,2,628.6,Moderado
Usuario_858,Apartamento,PEN,False,19,4,228.59,Eficiente
Usuario_859,Casa,COP,False,28,2,225.71,Eficiente
Usuario_860,Comercio,USD,False,21,1,1064.08,Moderado
Usuario_861,Apartamento,CLP,True,14,6,235.47,Eficiente
Usuario_862,Casa,CLP,False,33,10,220.15,Eficiente
Usuario_863,Comercio,USD,True,10,8,902.87,Moderado
Usuario_864,Comercio,BRL,True,19,10,757.29,Eficiente
Usuario_865,Oficina,CLP,False,30,10,362.17,Eficiente
Usuario_866,Casa,MXN,True,22,2,285.0,Eficiente
Usuario_867,Apartamento,CLP,False,3,9,146.19,Eficiente
Usuario_868,Apartamento,CLP,True,37,13,258.34,Eficiente
Usuario_869,Apartamento,USD,False,18,3,268.85,Eficiente
Usuario_870,Casa,BRL,True,11,8,387.01,Eficiente
Usuario_871,Apartamento,ARS,True,2,12,311.76,Ineficiente
Usuario_872,Apartamento,CLP,True,12,8,321.42,Moderado
Usuario_873,Apartamento,PEN,False,6,3,267.44,Moderado
Usuario_874,Oficina,CLP,True,29,3,306.38,Eficiente
Usuario_875,Oficina,ARS,True,30,12,647.61,Eficiente
Usuario_876,Casa,USD,True,2,6,356.3,Moderado
Usuario_877,Casa,ARS,False,9,1,407.95,Eficiente
Usuario_878,Apartamento,USD,True,2,4,274.8,Moderado
Usuario_879,Oficina,MXN,True,29,1,475.12,Eficiente
Usuario_880,Comercio,USD,True,33,3,1061.97,Moderado
Usuario_881,Comercio,MXN,True,10,9,513.78,Eficiente
Usuario_882,Apartamento,MXN,True,34,5,279.73,Eficiente
Usuario_883,Apartamento,USD,True,8,12,132.96,Eficiente
Usuario_884,Oficina,PEN,False,37,5,762.33,Eficiente
Usuario_885,Oficina,COP,True,33,11,356.25,Eficiente
Usuario_886,Oficina,USD,True,6,4,347.44,Eficiente
Usuario_887,Casa,CLP,True,19,3,326.55,Eficiente
Usuario_888,Casa,PEN,False,32,5,340.75,Eficiente
Usuario_889,Apartamento,PEN,False,27,11,179.15,Eficiente
Usuario_890,Casa,CLP,False,1,4,414.79,Moderado
Usuario_891,Oficina,COP,True,33,8,521.46,Eficiente
Usuario_892,Oficina,PEN,True,32,4,317.09,Eficiente
Usuario_893,Casa,MXN,True,5,11,321.88,Eficiente
Usuario_894,Comercio,COP,True,17,12,987.3,Ineficiente
Usuario_895,Apartamento,BRL,True,8,8,283.73,Eficiente
Usuario_896,Comercio,CLP,False,34,6,927.41,Moderado
Usuario_897,Apartamento,COP,False,9,12,285.59,Eficiente
Usuario_898,Comercio,USD,False,23,11,637.68,Eficiente
Usuario_899,Casa,COP,True,35,5,244.88,Eficiente
Usuario_900,Apartamento,MXN,False,7,4,191.94,Eficiente
Usuario_901,Apartamento,USD,True,15,4,314.99,Moderado
Usuario_902,Apartamento,ARS,True,20,12,347.7,Moderado
Usuario_903,Oficina,CLP,False,25,4,546.92,Eficiente
Usuario_904,Oficina,CLP,True,3,11,304.85,Eficiente
Usuario_905,Comercio,COP,True,24,13,518.03,Eficiente
Usuario_906,Casa,PEN,True,34,13,322.73,Eficiente
Usuario_907,Oficina,USD,False,22,9,589.29,Eficiente
Usuario_908,Apartamento,ARS,False,11,4,148.52,Eficiente
Usuario_909,Oficina,USD,True,8,12,771.68,Ineficiente
Usuario_910,Casa,CLP,False,39,9,337.78,Eficiente
Usuario_911,Oficina,USD,True,35,13,756.29,Moderado
Usuario_912,Apartamento,ARS,True,38,10,303.71,Eficiente
Usuario_913,Comercio,PEN,False,8,6,948.81,Moderado
Usuario_914,Apartamento,COP,False,37,10,265.48,Eficiente
Usuario_915,Casa,MXN,False,27,13,429.37,Eficiente
Usuario_916,Comercio,USD,True,28,7,866.6,Moderado
Usuario_917,Oficina,MXN,False,34,12,614.36,Eficiente
Usuario_918,Oficina,CLP,False,32,10,576.86,Eficiente
Usuario_919,Oficina,COP,False,15,3,793.21,Moderado
Usuario_920,Comercio,BRL,True,17,8,932.6,Moderado
Usuario_921,Apartamento,COP,False,33,3,302.93,Eficiente
Usuario_922,Comercio,USD,True,16,1,1030.72,Ineficiente
Usuario_923,Comercio,PEN,True,29,13,570.95,Eficiente
Usuario_924,Casa,COP,True,9,13,239.33,Eficiente
Usuario_925,Comercio,USD,True,33,10,758.03,Eficiente
Usuario_926,Oficina,USD,True,29,12,557.04,Eficiente
Usuario_927,Apartamento,MXN,False,13,5,314.42,Eficiente
Usuario_928,Apartamento,COP,True,21,2,229.63,Eficiente
Usuario_929,Apartamento,USD,False,21,10,257.59,Eficiente
Usuario_930,Oficina,MXN,True,5,6,563.54,Eficiente
Usuario_931,Oficina,ARS,True,10,13,319.1,Eficiente
Usuario_932,Oficina,BRL,True,6,10,607.61,Moderado
Usuario_933,Oficina,MXN,True,13,9,714.02,Moderado
Usuario_934,Oficina,MXN,True,1,1,378.75,Eficiente
Usuario_935,Comercio,USD,True,20,13,836.03,Moderado
Usuario_936,Oficina,CLP,True,8,4,596.81,Ineficiente
Usuario_937,Oficina,CLP,True,10,1,382.09,Eficiente
Usuario_938,Oficina,PEN,True,9,1,361.73,Eficiente
Usuario_939,Oficina,CLP,True,3,8,790.03,Ineficiente
Usuario_940,Apartamento,MXN,True,11,13,218.62,Eficiente
Usuario_941,Oficina,PEN,False,12,11,413.71,Eficiente
Usuario_942,Comercio,USD,False,10,2,539.93,Eficiente
Usuario_943,Comercio,COP,False,25,1,887.32,Eficiente
Usuario_944,Comercio,BRL,True,25,11,846.61,Eficiente
Usuario_945,Casa,BRL,False,11,8,435.24,Eficiente
Usuario_946,Apartamento,MXN,False,36,4,151.36,Eficiente
Usuario_947,Oficina,MXN,False,39,3,746.77,Eficiente
Usuario_948,Casa,PEN,True,26,13,346.24,Eficiente
Usuario_949,Oficina,USD,False,14,12,456.68,Eficiente
Usuario_950,Casa,ARS,False,39,4,371.83,Eficiente
Usuario_951,Casa,MXN,True,1,11,346.52,Moderado
Usuario_952,Comercio,ARS,False,4,5,1024.5,Moderado
Usuario_953,Comercio,ARS,True,30,1,1070.48,Moderado
Usuario_954,Casa,CLP,True,12,11,316.21,Eficiente
Usuario_955,Comercio,USD,True,35,1,1024.76,Moderado
Usuario_956,Casa,BRL,False,13,3,483.53,Eficiente
Usuario_957,Apartamento,BRL,True,31,6,336.78,Eficiente
Usuario_958,Comercio,ARS,True,38,1,592.03,Eficiente
Usuario_959,Comercio,BRL,True,23,11,823.87,Eficiente
Usuario_960,Comercio,USD,True,4,12,612.18,Moderado
Usuario_961,Apartamento,CLP,True,16,2,313.3,Moderado
Usuario_962,Casa,USD,False,7,12,211.86,Eficiente
Usuario_963,Oficina,MXN,False,22,7,582.41,Eficiente
Usuario_964,Comercio,ARS,True,29,1,657.44,Eficiente
Usuario_965,Casa,USD,True,11,13,322.94,Eficiente
Usuario_966,Apartamento,BRL,True,33,7,273.88,Eficiente
Usuario_967,Oficina,COP,False,29,4,725.74,Eficiente
Usuario_968,Comercio,USD,True,39,10,846.44,Moderado
Usuario_969,Apartamento,ARS,True,12,6,319.7,Moderado
Usuario_970,Apartamento,CLP,True,7,8,190.21,Eficiente
Usuario_971,Oficina,BRL,False,39,9,559.75,Eficiente
Usuario_972,Casa,CLP,False,26,6,367.69,Eficiente
Usuario_973,Comercio,ARS,False,9,12,428.15,Eficiente
Usuario_974,Comercio,BRL,False,34,11,809.77,Eficiente
Usuario_975,Casa,MXN,True,13,13,441.53,Moderado
Usuario_976,Casa,BRL,True,36,9,417.17,Eficiente
Usuario_977,Casa,MXN,True,25,4,467.7,Eficiente
Usuario_978,Oficina,CLP,True,24,6,585.67,Moderado
Usuario_979,Oficina,CLP,True,17,8,333.38,Eficiente
Usuario_980,Comercio,ARS,True,2,9,501.51,Eficiente
Usuario_981,Oficina,MXN,True,13,3,598.24,Eficiente
Usuario_982,Apartamento,CLP,False,31,2,192.5,Eficiente
Usuario_983,Comercio,MXN,False,29,6,475.75,Eficiente
Usuario_984,Oficina,CLP,False,28,4,514.8,Eficiente
Usuario_985,Casa,BRL,False,27,1,404.01,Eficiente
Usuario_986,Apartamento,USD,True,15,8,204.32,Eficiente
Usuario_987,Casa,COP,False,31,9,462.15,Eficiente
Usuario_988,Comercio,BRL,True,15,9,870.64,Moderado
Usuario_989,Casa,PEN,False,33,2,326.49,Eficiente
Usuario_990,Oficina,USD,True,20,9,677.44,Moderado
Usuario_991,Oficina,PEN,False,12,7,624.35,Moderado
Usuario_992,Comercio,CLP,True,37,5,866.21,Moderado
Usuario_993,Casa,COP,True,9,7,403.7,Eficiente
Usuario_994,Comercio,COP,False,23,13,427.97,Eficiente
Usuario_995,Casa,CLP,True,8,9,453.78,Ineficiente
Usuario_996,Apartamento,CLP,False,32,8,214.73,Eficiente
Usuario_997,Oficina,MXN,False,14,6,771.3,Moderado
Usuario_998,Comercio,CLP,False,27,13,992.59,Moderado
Usuario_999,Apartamento,ARS,False,25,4,261.29,Eficiente
Usuario_1000,Apartamento,CLP,False,13,13,187.48,Eficiente
